Workbook

Sheet INPUTS - START HERE
A1: INSTRUCTIONS: Manually update yellow cells
A4: 2026 Budget Allocation
A5: Sponsored Products | B5: =B6 -> 36750000
A6: SP campaigns | B6: 36750000
A7: Sponsored Brands | B7: =SUM(B8:B10) -> 10000000
A8: Lifestyle Image | B8: 5000000
A9: Store Spotlight | B9: 0
A10: Video | B10: 5000000
A11: Sponsored Display | B11: =SUM(B12:B13) -> 2750000
A12: Image | B12: 2750000
A13: Video | B13: 0
A14: DSP (SS) | B14: =B15 -> 5500000
A15: DSP (SS) | B15: 5500000
A16: 2026 DAA Budget | B16: =B5+B7+B11+B14 -> 55000000
A19: 2026 Pacing
A20: Jan | B20: 0.029000253
A21: Feb | B21: 0.033350291
A22: Mar | B22: 0.040020349
A23: Apr | B23: 0.046023402
A24: May | B24: 0.052926912
A25: Jun | B25: 0.060865949
A26: Jul | B26: 0.079125734
A27: Aug | B27: 0.090994593
A28: Sep | B28: 0.10464378
A29: Oct | B29: 0.12557254
A30: Nov | B30: 0.15696567
A31: Dec | B31: 0.18051052
A34: Funnel Stage Allocation
B35: SP | C35: SB | D35: SBV | E35: SD | F35: SDV | G35: ST
A36: Awareness | B36: 0 | C36: 0 | D36: 0 | E36: 0 | F36: 0 | G36: 0
A37: Consideration | B37: 1 | C37: 1 | D37: 1 | E37: 0.3 | F37: 0 | G37: 0
A38: Conversion | B38: 0 | C38: 0 | D38: 0 | E38: 0.7 | F38: 0 | G38: 0

Sheet DAA Media Plan
B3: Fill out with Funnel Stage and Product Level monthly budgets based on your advertiser DAA commitment. | D3: Funnel Stage | E3: Ad Product | F3: Jan | G3: Feb | H3: Mar | I3: Apr | J3: May | K3: Jun | L3: Jul | M3: Aug | N3: Sep | O3: Oct | P3: Nov | Q3: Dec | R3: Total
D4: Awareness | E4: STV | R4: =SUM(F4:Q4) -> 0
D5: Awareness | E5: Prime Video | R5: =SUM(F5:Q5) -> 0
D6: Awareness | E6: ST | R6: =SUM(F6:Q6) -> 0
D7: Awareness | E7: DSP - SS | F7: 152500 | G7: 183500 | H7: 220000 | I7: 253500 | J7: 290000 | K7: 335000 | L7: 435000 | M7: 500000 | N7: 575500 | O7: 690000 | P7: 865000 | Q7: 1000000 | R7: =SUM(F7:Q7) -> 5500000
D8: Awareness | E8: SD | F8: ='INPUTS - START HERE'!$B$12*VLOOKUP('DAA Media Plan'!F3,'INPUTS - START HERE'!$A$20:$B$31,2,0)*INDEX('INPUTS - START HERE'!$A$35:$F$38,MATCH('DAA Media Plan'!$D$8,'INPUTS - START HERE'!$A$35:$A$38,0),MATCH('DAA Media Plan'!$E$8,'INPUTS - START HERE'!$A$35:$F$35,0)) -> 0 | G8: ='INPUTS - START HERE'!$B$12*VLOOKUP('DAA Media Plan'!G3,'INPUTS - START HERE'!$A$20:$B$31,2,0)*INDEX('INPUTS - START HERE'!$A$35:$F$38,MATCH('DAA Media Plan'!$D$8,'INPUTS - START HERE'!$A$35:$A$38,0),MATCH('DAA Media Plan'!$E$8,'INPUTS - START HERE'!$A$35:$F$35,0)) -> 0 | H8: ='INPUTS - START HERE'!$B$12*VLOOKUP('DAA Media Plan'!H3,'INPUTS - START HERE'!$A$20:$B$31,2,0)*INDEX('INPUTS - START HERE'!$A$35:$F$38,MATCH('DAA Media Plan'!$D$8,'INPUTS - START HERE'!$A$35:$A$38,0),MATCH('DAA Media Plan'!$E$8,'INPUTS - START HERE'!$A$35:$F$35,0)) -> 0 | I8: ='INPUTS - START HERE'!$B$12*VLOOKUP('DAA Media Plan'!I3,'INPUTS - START HERE'!$A$20:$B$31,2,0)*INDEX('INPUTS - START HERE'!$A$35:$F$38,MATCH('DAA Media Plan'!$D$8,'INPUTS - START HERE'!$A$35:$A$38,0),MATCH('DAA Media Plan'!$E$8,'INPUTS - START HERE'!$A$35:$F$35,0)) -> 0 | J8: ='INPUTS - START HERE'!$B$12*VLOOKUP('DAA Media Plan'!J3,'INPUTS - START HERE'!$A$20:$B$31,2,0)*INDEX('INPUTS - START HERE'!$A$35:$F$38,MATCH('DAA Media Plan'!$D$8,'INPUTS - START HERE'!$A$35:$A$38,0),MATCH('DAA Media Plan'!$E$8,'INPUTS - START HERE'!$A$35:$F$35,0)) -> 0 | K8: ='INPUTS - START HERE'!$B$12*VLOOKUP('DAA Media Plan'!K3,'INPUTS - START HERE'!$A$20:$B$31,2,0)*INDEX('INPUTS - START HERE'!$A$35:$F$38,MATCH('DAA Media Plan'!$D$8,'INPUTS - START HERE'!$A$35:$A$38,0),MATCH('DAA Media Plan'!$E$8,'INPUTS - START HERE'!$A$35:$F$35,0)) -> 0 | L8: ='INPUTS - START HERE'!$B$12*VLOOKUP('DAA Media Plan'!L3,'INPUTS - START HERE'!$A$20:$B$31,2,0)*INDEX('INPUTS - START HERE'!$A$35:$F$38,MATCH('DAA Media Plan'!$D$8,'INPUTS - START HERE'!$A$35:$A$38,0),MATCH('DAA Media Plan'!$E$8,'INPUTS - START HERE'!$A$35:$F$35,0)) -> 0 | M8: ='INPUTS - START HERE'!$B$12*VLOOKUP('DAA Media Plan'!M3,'INPUTS - START HERE'!$A$20:$B$31,2,0)*INDEX('INPUTS - START HERE'!$A$35:$F$38,MATCH('DAA Media Plan'!$D$8,'INPUTS - START HERE'!$A$35:$A$38,0),MATCH('DAA Media Plan'!$E$8,'INPUTS - START HERE'!$A$35:$F$35,0)) -> 0 | ... Q8: ='INPUTS - START HERE'!$B$12*VLOOKUP('DAA Media Plan'!Q3,'INPUTS - START HERE'!$A$20:$B$31,2,0)*INDEX('INPUTS - START HERE'!$A$35:$F$38,MATCH('DAA Media Plan'!$D$8,'INPUTS - START HERE'!$A$35:$A$38,0),MATCH('DAA Media Plan'!$E$8,'INPUTS - START HERE'!$A$35:$F$35,0)) -> 0 | R8: =SUM(F8:Q8) -> 0
D9: Awareness | E9: SDV | F9: ='INPUTS - START HERE'!$B$13*VLOOKUP('DAA Media Plan'!F3,'INPUTS - START HERE'!$A$20:$B$31,2,0)*INDEX('INPUTS - START HERE'!$A$35:$F$38,MATCH('DAA Media Plan'!$D$9,'INPUTS - START HERE'!$A$35:$A$38,0),MATCH('DAA Media Plan'!$E$9,'INPUTS - START HERE'!$A$35:$F$35,0)) -> 0 | G9: ='INPUTS - START HERE'!$B$13*VLOOKUP('DAA Media Plan'!G3,'INPUTS - START HERE'!$A$20:$B$31,2,0)*INDEX('INPUTS - START HERE'!$A$35:$F$38,MATCH('DAA Media Plan'!$D$9,'INPUTS - START HERE'!$A$35:$A$38,0),MATCH('DAA Media Plan'!$E$9,'INPUTS - START HERE'!$A$35:$F$35,0)) -> 0 | H9: ='INPUTS - START HERE'!$B$13*VLOOKUP('DAA Media Plan'!H3,'INPUTS - START HERE'!$A$20:$B$31,2,0)*INDEX('INPUTS - START HERE'!$A$35:$F$38,MATCH('DAA Media Plan'!$D$9,'INPUTS - START HERE'!$A$35:$A$38,0),MATCH('DAA Media Plan'!$E$9,'INPUTS - START HERE'!$A$35:$F$35,0)) -> 0 | I9: ='INPUTS - START HERE'!$B$13*VLOOKUP('DAA Media Plan'!I3,'INPUTS - START HERE'!$A$20:$B$31,2,0)*INDEX('INPUTS - START HERE'!$A$35:$F$38,MATCH('DAA Media Plan'!$D$9,'INPUTS - START HERE'!$A$35:$A$38,0),MATCH('DAA Media Plan'!$E$9,'INPUTS - START HERE'!$A$35:$F$35,0)) -> 0 | J9: ='INPUTS - START HERE'!$B$13*VLOOKUP('DAA Media Plan'!J3,'INPUTS - START HERE'!$A$20:$B$31,2,0)*INDEX('INPUTS - START HERE'!$A$35:$F$38,MATCH('DAA Media Plan'!$D$9,'INPUTS - START HERE'!$A$35:$A$38,0),MATCH('DAA Media Plan'!$E$9,'INPUTS - START HERE'!$A$35:$F$35,0)) -> 0 | K9: ='INPUTS - START HERE'!$B$13*VLOOKUP('DAA Media Plan'!K3,'INPUTS - START HERE'!$A$20:$B$31,2,0)*INDEX('INPUTS - START HERE'!$A$35:$F$38,MATCH('DAA Media Plan'!$D$9,'INPUTS - START HERE'!$A$35:$A$38,0),MATCH('DAA Media Plan'!$E$9,'INPUTS - START HERE'!$A$35:$F$35,0)) -> 0 | L9: ='INPUTS - START HERE'!$B$13*VLOOKUP('DAA Media Plan'!L3,'INPUTS - START HERE'!$A$20:$B$31,2,0)*INDEX('INPUTS - START HERE'!$A$35:$F$38,MATCH('DAA Media Plan'!$D$9,'INPUTS - START HERE'!$A$35:$A$38,0),MATCH('DAA Media Plan'!$E$9,'INPUTS - START HERE'!$A$35:$F$35,0)) -> 0 | M9: ='INPUTS - START HERE'!$B$13*VLOOKUP('DAA Media Plan'!M3,'INPUTS - START HERE'!$A$20:$B$31,2,0)*INDEX('INPUTS - START HERE'!$A$35:$F$38,MATCH('DAA Media Plan'!$D$9,'INPUTS - START HERE'!$A$35:$A$38,0),MATCH('DAA Media Plan'!$E$9,'INPUTS - START HERE'!$A$35:$F$35,0)) -> 0 | ... Q9: ='INPUTS - START HERE'!$B$13*VLOOKUP('DAA Media Plan'!Q3,'INPUTS - START HERE'!$A$20:$B$31,2,0)*INDEX('INPUTS - START HERE'!$A$35:$F$38,MATCH('DAA Media Plan'!$D$9,'INPUTS - START HERE'!$A$35:$A$38,0),MATCH('DAA Media Plan'!$E$9,'INPUTS - START HERE'!$A$35:$F$35,0)) -> 0 | R9: =SUM(F9:Q9) -> 0
D10: Awareness | E10: SB | F10: =SUM('INPUTS - START HERE'!$B$8:$B$9)*VLOOKUP('DAA Media Plan'!F3,'INPUTS - START HERE'!$A$20:$B$31,2,FALSE)*INDEX('INPUTS - START HERE'!$A$35:$F$38,MATCH('DAA Media Plan'!$D$10,'INPUTS - START HERE'!$A$35:$A$38,0),MATCH('DAA Media Plan'!$E$10,'INPUTS - START HERE'!$A$35:$F$35,0)) -> 0 | G10: =SUM('INPUTS - START HERE'!$B$8:$B$9)*VLOOKUP('DAA Media Plan'!G3,'INPUTS - START HERE'!$A$20:$B$31,2,FALSE)*INDEX('INPUTS - START HERE'!$A$35:$F$38,MATCH('DAA Media Plan'!$D$10,'INPUTS - START HERE'!$A$35:$A$38,0),MATCH('DAA Media Plan'!$E$10,'INPUTS - START HERE'!$A$35:$F$35,0)) -> 0 | H10: =SUM('INPUTS - START HERE'!$B$8:$B$9)*VLOOKUP('DAA Media Plan'!H3,'INPUTS - START HERE'!$A$20:$B$31,2,FALSE)*INDEX('INPUTS - START HERE'!$A$35:$F$38,MATCH('DAA Media Plan'!$D$10,'INPUTS - START HERE'!$A$35:$A$38,0),MATCH('DAA Media Plan'!$E$10,'INPUTS - START HERE'!$A$35:$F$35,0)) -> 0 | I10: =SUM('INPUTS - START HERE'!$B$8:$B$9)*VLOOKUP('DAA Media Plan'!I3,'INPUTS - START HERE'!$A$20:$B$31,2,FALSE)*INDEX('INPUTS - START HERE'!$A$35:$F$38,MATCH('DAA Media Plan'!$D$10,'INPUTS - START HERE'!$A$35:$A$38,0),MATCH('DAA Media Plan'!$E$10,'INPUTS - START HERE'!$A$35:$F$35,0)) -> 0 | J10: =SUM('INPUTS - START HERE'!$B$8:$B$9)*VLOOKUP('DAA Media Plan'!J3,'INPUTS - START HERE'!$A$20:$B$31,2,FALSE)*INDEX('INPUTS - START HERE'!$A$35:$F$38,MATCH('DAA Media Plan'!$D$10,'INPUTS - START HERE'!$A$35:$A$38,0),MATCH('DAA Media Plan'!$E$10,'INPUTS - START HERE'!$A$35:$F$35,0)) -> 0 | K10: =SUM('INPUTS - START HERE'!$B$8:$B$9)*VLOOKUP('DAA Media Plan'!K3,'INPUTS - START HERE'!$A$20:$B$31,2,FALSE)*INDEX('INPUTS - START HERE'!$A$35:$F$38,MATCH('DAA Media Plan'!$D$10,'INPUTS - START HERE'!$A$35:$A$38,0),MATCH('DAA Media Plan'!$E$10,'INPUTS - START HERE'!$A$35:$F$35,0)) -> 0 | L10: =SUM('INPUTS - START HERE'!$B$8:$B$9)*VLOOKUP('DAA Media Plan'!L3,'INPUTS - START HERE'!$A$20:$B$31,2,FALSE)*INDEX('INPUTS - START HERE'!$A$35:$F$38,MATCH('DAA Media Plan'!$D$10,'INPUTS - START HERE'!$A$35:$A$38,0),MATCH('DAA Media Plan'!$E$10,'INPUTS - START HERE'!$A$35:$F$35,0)) -> 0 | M10: =SUM('INPUTS - START HERE'!$B$8:$B$9)*VLOOKUP('DAA Media Plan'!M3,'INPUTS - START HERE'!$A$20:$B$31,2,FALSE)*INDEX('INPUTS - START HERE'!$A$35:$F$38,MATCH('DAA Media Plan'!$D$10,'INPUTS - START HERE'!$A$35:$A$38,0),MATCH('DAA Media Plan'!$E$10,'INPUTS - START HERE'!$A$35:$F$35,0)) -> 0 | ... Q10: =SUM('INPUTS - START HERE'!$B$8:$B$9)*VLOOKUP('DAA Media Plan'!Q3,'INPUTS - START HERE'!$A$20:$B$31,2,FALSE)*INDEX('INPUTS - START HERE'!$A$35:$F$38,MATCH('DAA Media Plan'!$D$10,'INPUTS - START HERE'!$A$35:$A$38,0),MATCH('DAA Media Plan'!$E$10,'INPUTS - START HERE'!$A$35:$F$35,0)) -> 0 | R10: =SUM(F10:Q10) -> 0
D11: Awareness | E11: SBV | F11: ='INPUTS - START HERE'!$B$10*VLOOKUP('DAA Media Plan'!F3,'INPUTS - START HERE'!$A$20:$B$31,2,FALSE)*INDEX('INPUTS - START HERE'!$A$35:$F$38,MATCH('DAA Media Plan'!$D$11,'INPUTS - START HERE'!$A$35:$A$38,0),MATCH('DAA Media Plan'!$E$11,'INPUTS - START HERE'!$A$35:$F$35,0)) -> 0 | G11: ='INPUTS - START HERE'!$B$10*VLOOKUP('DAA Media Plan'!G3,'INPUTS - START HERE'!$A$20:$B$31,2,FALSE)*INDEX('INPUTS - START HERE'!$A$35:$F$38,MATCH('DAA Media Plan'!$D$11,'INPUTS - START HERE'!$A$35:$A$38,0),MATCH('DAA Media Plan'!$E$11,'INPUTS - START HERE'!$A$35:$F$35,0)) -> 0 | H11: ='INPUTS - START HERE'!$B$10*VLOOKUP('DAA Media Plan'!H3,'INPUTS - START HERE'!$A$20:$B$31,2,FALSE)*INDEX('INPUTS - START HERE'!$A$35:$F$38,MATCH('DAA Media Plan'!$D$11,'INPUTS - START HERE'!$A$35:$A$38,0),MATCH('DAA Media Plan'!$E$11,'INPUTS - START HERE'!$A$35:$F$35,0)) -> 0 | I11: ='INPUTS - START HERE'!$B$10*VLOOKUP('DAA Media Plan'!I3,'INPUTS - START HERE'!$A$20:$B$31,2,FALSE)*INDEX('INPUTS - START HERE'!$A$35:$F$38,MATCH('DAA Media Plan'!$D$11,'INPUTS - START HERE'!$A$35:$A$38,0),MATCH('DAA Media Plan'!$E$11,'INPUTS - START HERE'!$A$35:$F$35,0)) -> 0 | J11: ='INPUTS - START HERE'!$B$10*VLOOKUP('DAA Media Plan'!J3,'INPUTS - START HERE'!$A$20:$B$31,2,FALSE)*INDEX('INPUTS - START HERE'!$A$35:$F$38,MATCH('DAA Media Plan'!$D$11,'INPUTS - START HERE'!$A$35:$A$38,0),MATCH('DAA Media Plan'!$E$11,'INPUTS - START HERE'!$A$35:$F$35,0)) -> 0 | K11: ='INPUTS - START HERE'!$B$10*VLOOKUP('DAA Media Plan'!K3,'INPUTS - START HERE'!$A$20:$B$31,2,FALSE)*INDEX('INPUTS - START HERE'!$A$35:$F$38,MATCH('DAA Media Plan'!$D$11,'INPUTS - START HERE'!$A$35:$A$38,0),MATCH('DAA Media Plan'!$E$11,'INPUTS - START HERE'!$A$35:$F$35,0)) -> 0 | L11: ='INPUTS - START HERE'!$B$10*VLOOKUP('DAA Media Plan'!L3,'INPUTS - START HERE'!$A$20:$B$31,2,FALSE)*INDEX('INPUTS - START HERE'!$A$35:$F$38,MATCH('DAA Media Plan'!$D$11,'INPUTS - START HERE'!$A$35:$A$38,0),MATCH('DAA Media Plan'!$E$11,'INPUTS - START HERE'!$A$35:$F$35,0)) -> 0 | M11: ='INPUTS - START HERE'!$B$10*VLOOKUP('DAA Media Plan'!M3,'INPUTS - START HERE'!$A$20:$B$31,2,FALSE)*INDEX('INPUTS - START HERE'!$A$35:$F$38,MATCH('DAA Media Plan'!$D$11,'INPUTS - START HERE'!$A$35:$A$38,0),MATCH('DAA Media Plan'!$E$11,'INPUTS - START HERE'!$A$35:$F$35,0)) -> 0 | ... Q11: ='INPUTS - START HERE'!$B$10*VLOOKUP('DAA Media Plan'!Q3,'INPUTS - START HERE'!$A$20:$B$31,2,FALSE)*INDEX('INPUTS - START HERE'!$A$35:$F$38,MATCH('DAA Media Plan'!$D$11,'INPUTS - START HERE'!$A$35:$A$38,0),MATCH('DAA Media Plan'!$E$11,'INPUTS - START HERE'!$A$35:$F$35,0)) -> 0 | R11: =SUM(F11:Q11) -> 0
D12: Consideration | E12: SP | F12: ='INPUTS - START HERE'!$B$6*VLOOKUP('DAA Media Plan'!F3,'INPUTS - START HERE'!$A$20:$B$31,2,FALSE)*INDEX('INPUTS - START HERE'!$A$35:$F$38,MATCH('DAA Media Plan'!$D$12,'INPUTS - START HERE'!$A$35:$A$38,0),MATCH('DAA Media Plan'!$E$12,'INPUTS - START HERE'!$A$35:$F$35,0)) -> 1065759.3 | G12: ='INPUTS - START HERE'!$B$6*VLOOKUP('DAA Media Plan'!G3,'INPUTS - START HERE'!$A$20:$B$31,2,FALSE)*INDEX('INPUTS - START HERE'!$A$35:$F$38,MATCH('DAA Media Plan'!$D$12,'INPUTS - START HERE'!$A$35:$A$38,0),MATCH('DAA Media Plan'!$E$12,'INPUTS - START HERE'!$A$35:$F$35,0)) -> 1225623.2 | H12: ='INPUTS - START HERE'!$B$6*VLOOKUP('DAA Media Plan'!H3,'INPUTS - START HERE'!$A$20:$B$31,2,FALSE)*INDEX('INPUTS - START HERE'!$A$35:$F$38,MATCH('DAA Media Plan'!$D$12,'INPUTS - START HERE'!$A$35:$A$38,0),MATCH('DAA Media Plan'!$E$12,'INPUTS - START HERE'!$A$35:$F$35,0)) -> 1470747.8 | I12: ='INPUTS - START HERE'!$B$6*VLOOKUP('DAA Media Plan'!I3,'INPUTS - START HERE'!$A$20:$B$31,2,FALSE)*INDEX('INPUTS - START HERE'!$A$35:$F$38,MATCH('DAA Media Plan'!$D$12,'INPUTS - START HERE'!$A$35:$A$38,0),MATCH('DAA Media Plan'!$E$12,'INPUTS - START HERE'!$A$35:$F$35,0)) -> 1691360 | J12: ='INPUTS - START HERE'!$B$6*VLOOKUP('DAA Media Plan'!J3,'INPUTS - START HERE'!$A$20:$B$31,2,FALSE)*INDEX('INPUTS - START HERE'!$A$35:$F$38,MATCH('DAA Media Plan'!$D$12,'INPUTS - START HERE'!$A$35:$A$38,0),MATCH('DAA Media Plan'!$E$12,'INPUTS - START HERE'!$A$35:$F$35,0)) -> 1945064 | K12: ='INPUTS - START HERE'!$B$6*VLOOKUP('DAA Media Plan'!K3,'INPUTS - START HERE'!$A$20:$B$31,2,FALSE)*INDEX('INPUTS - START HERE'!$A$35:$F$38,MATCH('DAA Media Plan'!$D$12,'INPUTS - START HERE'!$A$35:$A$38,0),MATCH('DAA Media Plan'!$E$12,'INPUTS - START HERE'!$A$35:$F$35,0)) -> 2236823.6 | L12: ='INPUTS - START HERE'!$B$6*VLOOKUP('DAA Media Plan'!L3,'INPUTS - START HERE'!$A$20:$B$31,2,FALSE)*INDEX('INPUTS - START HERE'!$A$35:$F$38,MATCH('DAA Media Plan'!$D$12,'INPUTS - START HERE'!$A$35:$A$38,0),MATCH('DAA Media Plan'!$E$12,'INPUTS - START HERE'!$A$35:$F$35,0)) -> 2907870.7 | M12: ='INPUTS - START HERE'!$B$6*VLOOKUP('DAA Media Plan'!M3,'INPUTS - START HERE'!$A$20:$B$31,2,FALSE)*INDEX('INPUTS - START HERE'!$A$35:$F$38,MATCH('DAA Media Plan'!$D$12,'INPUTS - START HERE'!$A$35:$A$38,0),MATCH('DAA Media Plan'!$E$12,'INPUTS - START HERE'!$A$35:$F$35,0)) -> 3344051.3 | ... Q12: ='INPUTS - START HERE'!$B$6*VLOOKUP('DAA Media Plan'!Q3,'INPUTS - START HERE'!$A$20:$B$31,2,FALSE)*INDEX('INPUTS - START HERE'!$A$35:$F$38,MATCH('DAA Media Plan'!$D$12,'INPUTS - START HERE'!$A$35:$A$38,0),MATCH('DAA Media Plan'!$E$12,'INPUTS - START HERE'!$A$35:$F$35,0)) -> 6633761.8 | R12: =SUM(F12:Q12) -> 36750000
D13: Consideration | E13: SB | F13: =SUM('INPUTS - START HERE'!$B$8:$B$9)*VLOOKUP('DAA Media Plan'!F3,'INPUTS - START HERE'!$A$20:$B$31,2,FALSE)*INDEX('INPUTS - START HERE'!$A$35:$F$38,MATCH('DAA Media Plan'!$D$13,'INPUTS - START HERE'!$A$35:$A$38,0),MATCH('DAA Media Plan'!$E$13,'INPUTS - START HERE'!$A$35:$F$35,0)) -> 145001.27 | G13: =SUM('INPUTS - START HERE'!$B$8:$B$9)*VLOOKUP('DAA Media Plan'!G3,'INPUTS - START HERE'!$A$20:$B$31,2,FALSE)*INDEX('INPUTS - START HERE'!$A$35:$F$38,MATCH('DAA Media Plan'!$D$13,'INPUTS - START HERE'!$A$35:$A$38,0),MATCH('DAA Media Plan'!$E$13,'INPUTS - START HERE'!$A$35:$F$35,0)) -> 166751.45 | H13: =SUM('INPUTS - START HERE'!$B$8:$B$9)*VLOOKUP('DAA Media Plan'!H3,'INPUTS - START HERE'!$A$20:$B$31,2,FALSE)*INDEX('INPUTS - START HERE'!$A$35:$F$38,MATCH('DAA Media Plan'!$D$13,'INPUTS - START HERE'!$A$35:$A$38,0),MATCH('DAA Media Plan'!$E$13,'INPUTS - START HERE'!$A$35:$F$35,0)) -> 200101.75 | I13: =SUM('INPUTS - START HERE'!$B$8:$B$9)*VLOOKUP('DAA Media Plan'!I3,'INPUTS - START HERE'!$A$20:$B$31,2,FALSE)*INDEX('INPUTS - START HERE'!$A$35:$F$38,MATCH('DAA Media Plan'!$D$13,'INPUTS - START HERE'!$A$35:$A$38,0),MATCH('DAA Media Plan'!$E$13,'INPUTS - START HERE'!$A$35:$F$35,0)) -> 230117.01 | J13: =SUM('INPUTS - START HERE'!$B$8:$B$9)*VLOOKUP('DAA Media Plan'!J3,'INPUTS - START HERE'!$A$20:$B$31,2,FALSE)*INDEX('INPUTS - START HERE'!$A$35:$F$38,MATCH('DAA Media Plan'!$D$13,'INPUTS - START HERE'!$A$35:$A$38,0),MATCH('DAA Media Plan'!$E$13,'INPUTS - START HERE'!$A$35:$F$35,0)) -> 264634.56 | K13: =SUM('INPUTS - START HERE'!$B$8:$B$9)*VLOOKUP('DAA Media Plan'!K3,'INPUTS - START HERE'!$A$20:$B$31,2,FALSE)*INDEX('INPUTS - START HERE'!$A$35:$F$38,MATCH('DAA Media Plan'!$D$13,'INPUTS - START HERE'!$A$35:$A$38,0),MATCH('DAA Media Plan'!$E$13,'INPUTS - START HERE'!$A$35:$F$35,0)) -> 304329.74 | L13: =SUM('INPUTS - START HERE'!$B$8:$B$9)*VLOOKUP('DAA Media Plan'!L3,'INPUTS - START HERE'!$A$20:$B$31,2,FALSE)*INDEX('INPUTS - START HERE'!$A$35:$F$38,MATCH('DAA Media Plan'!$D$13,'INPUTS - START HERE'!$A$35:$A$38,0),MATCH('DAA Media Plan'!$E$13,'INPUTS - START HERE'!$A$35:$F$35,0)) -> 395628.67 | M13: =SUM('INPUTS - START HERE'!$B$8:$B$9)*VLOOKUP('DAA Media Plan'!M3,'INPUTS - START HERE'!$A$20:$B$31,2,FALSE)*INDEX('INPUTS - START HERE'!$A$35:$F$38,MATCH('DAA Media Plan'!$D$13,'INPUTS - START HERE'!$A$35:$A$38,0),MATCH('DAA Media Plan'!$E$13,'INPUTS - START HERE'!$A$35:$F$35,0)) -> 454972.97 | ... Q13: =SUM('INPUTS - START HERE'!$B$8:$B$9)*VLOOKUP('DAA Media Plan'!Q3,'INPUTS - START HERE'!$A$20:$B$31,2,FALSE)*INDEX('INPUTS - START HERE'!$A$35:$F$38,MATCH('DAA Media Plan'!$D$13,'INPUTS - START HERE'!$A$35:$A$38,0),MATCH('DAA Media Plan'!$E$13,'INPUTS - START HERE'!$A$35:$F$35,0)) -> 902552.62 | R13: =SUM(F13:Q13) -> 5000000
D14: Consideration | E14: SBV | F14: ='INPUTS - START HERE'!$B$10*VLOOKUP('DAA Media Plan'!F3,'INPUTS - START HERE'!$A$20:$B$31,2,0)*INDEX('INPUTS - START HERE'!$A$35:$F$38,MATCH('DAA Media Plan'!$D$14,'INPUTS - START HERE'!$A$35:$A$38,0),MATCH('DAA Media Plan'!$E$14,'INPUTS - START HERE'!$A$35:$F$35,0)) -> 145001.27 | G14: ='INPUTS - START HERE'!$B$10*VLOOKUP('DAA Media Plan'!G3,'INPUTS - START HERE'!$A$20:$B$31,2,0)*INDEX('INPUTS - START HERE'!$A$35:$F$38,MATCH('DAA Media Plan'!$D$14,'INPUTS - START HERE'!$A$35:$A$38,0),MATCH('DAA Media Plan'!$E$14,'INPUTS - START HERE'!$A$35:$F$35,0)) -> 166751.45 | H14: ='INPUTS - START HERE'!$B$10*VLOOKUP('DAA Media Plan'!H3,'INPUTS - START HERE'!$A$20:$B$31,2,0)*INDEX('INPUTS - START HERE'!$A$35:$F$38,MATCH('DAA Media Plan'!$D$14,'INPUTS - START HERE'!$A$35:$A$38,0),MATCH('DAA Media Plan'!$E$14,'INPUTS - START HERE'!$A$35:$F$35,0)) -> 200101.75 | I14: ='INPUTS - START HERE'!$B$10*VLOOKUP('DAA Media Plan'!I3,'INPUTS - START HERE'!$A$20:$B$31,2,0)*INDEX('INPUTS - START HERE'!$A$35:$F$38,MATCH('DAA Media Plan'!$D$14,'INPUTS - START HERE'!$A$35:$A$38,0),MATCH('DAA Media Plan'!$E$14,'INPUTS - START HERE'!$A$35:$F$35,0)) -> 230117.01 | J14: ='INPUTS - START HERE'!$B$10*VLOOKUP('DAA Media Plan'!J3,'INPUTS - START HERE'!$A$20:$B$31,2,0)*INDEX('INPUTS - START HERE'!$A$35:$F$38,MATCH('DAA Media Plan'!$D$14,'INPUTS - START HERE'!$A$35:$A$38,0),MATCH('DAA Media Plan'!$E$14,'INPUTS - START HERE'!$A$35:$F$35,0)) -> 264634.56 | K14: ='INPUTS - START HERE'!$B$10*VLOOKUP('DAA Media Plan'!K3,'INPUTS - START HERE'!$A$20:$B$31,2,0)*INDEX('INPUTS - START HERE'!$A$35:$F$38,MATCH('DAA Media Plan'!$D$14,'INPUTS - START HERE'!$A$35:$A$38,0),MATCH('DAA Media Plan'!$E$14,'INPUTS - START HERE'!$A$35:$F$35,0)) -> 304329.74 | L14: ='INPUTS - START HERE'!$B$10*VLOOKUP('DAA Media Plan'!L3,'INPUTS - START HERE'!$A$20:$B$31,2,0)*INDEX('INPUTS - START HERE'!$A$35:$F$38,MATCH('DAA Media Plan'!$D$14,'INPUTS - START HERE'!$A$35:$A$38,0),MATCH('DAA Media Plan'!$E$14,'INPUTS - START HERE'!$A$35:$F$35,0)) -> 395628.67 | M14: ='INPUTS - START HERE'!$B$10*VLOOKUP('DAA Media Plan'!M3,'INPUTS - START HERE'!$A$20:$B$31,2,0)*INDEX('INPUTS - START HERE'!$A$35:$F$38,MATCH('DAA Media Plan'!$D$14,'INPUTS - START HERE'!$A$35:$A$38,0),MATCH('DAA Media Plan'!$E$14,'INPUTS - START HERE'!$A$35:$F$35,0)) -> 454972.97 | ... Q14: ='INPUTS - START HERE'!$B$10*VLOOKUP('DAA Media Plan'!Q3,'INPUTS - START HERE'!$A$20:$B$31,2,0)*INDEX('INPUTS - START HERE'!$A$35:$F$38,MATCH('DAA Media Plan'!$D$14,'INPUTS - START HERE'!$A$35:$A$38,0),MATCH('DAA Media Plan'!$E$14,'INPUTS - START HERE'!$A$35:$F$35,0)) -> 902552.62 | R14: =SUM(F14:Q14) -> 5000000
D15: Consideration | E15: SD | F15: ='INPUTS - START HERE'!$B$12*VLOOKUP('DAA Media Plan'!F3,'INPUTS - START HERE'!$A$20:$B$31,2,0)*INDEX('INPUTS - START HERE'!$A$35:$F$38,MATCH('DAA Media Plan'!$D$15,'INPUTS - START HERE'!$A$35:$A$38,0),MATCH('DAA Media Plan'!$E$15,'INPUTS - START HERE'!$A$35:$F$35,0)) -> 23925.209 | G15: ='INPUTS - START HERE'!$B$12*VLOOKUP('DAA Media Plan'!G3,'INPUTS - START HERE'!$A$20:$B$31,2,0)*INDEX('INPUTS - START HERE'!$A$35:$F$38,MATCH('DAA Media Plan'!$D$15,'INPUTS - START HERE'!$A$35:$A$38,0),MATCH('DAA Media Plan'!$E$15,'INPUTS - START HERE'!$A$35:$F$35,0)) -> 27513.99 | H15: ='INPUTS - START HERE'!$B$12*VLOOKUP('DAA Media Plan'!H3,'INPUTS - START HERE'!$A$20:$B$31,2,0)*INDEX('INPUTS - START HERE'!$A$35:$F$38,MATCH('DAA Media Plan'!$D$15,'INPUTS - START HERE'!$A$35:$A$38,0),MATCH('DAA Media Plan'!$E$15,'INPUTS - START HERE'!$A$35:$F$35,0)) -> 33016.788 | I15: ='INPUTS - START HERE'!$B$12*VLOOKUP('DAA Media Plan'!I3,'INPUTS - START HERE'!$A$20:$B$31,2,0)*INDEX('INPUTS - START HERE'!$A$35:$F$38,MATCH('DAA Media Plan'!$D$15,'INPUTS - START HERE'!$A$35:$A$38,0),MATCH('DAA Media Plan'!$E$15,'INPUTS - START HERE'!$A$35:$F$35,0)) -> 37969.306 | J15: ='INPUTS - START HERE'!$B$12*VLOOKUP('DAA Media Plan'!J3,'INPUTS - START HERE'!$A$20:$B$31,2,0)*INDEX('INPUTS - START HERE'!$A$35:$F$38,MATCH('DAA Media Plan'!$D$15,'INPUTS - START HERE'!$A$35:$A$38,0),MATCH('DAA Media Plan'!$E$15,'INPUTS - START HERE'!$A$35:$F$35,0)) -> 43664.702 | K15: ='INPUTS - START HERE'!$B$12*VLOOKUP('DAA Media Plan'!K3,'INPUTS - START HERE'!$A$20:$B$31,2,0)*INDEX('INPUTS - START HERE'!$A$35:$F$38,MATCH('DAA Media Plan'!$D$15,'INPUTS - START HERE'!$A$35:$A$38,0),MATCH('DAA Media Plan'!$E$15,'INPUTS - START HERE'!$A$35:$F$35,0)) -> 50214.408 | L15: ='INPUTS - START HERE'!$B$12*VLOOKUP('DAA Media Plan'!L3,'INPUTS - START HERE'!$A$20:$B$31,2,0)*INDEX('INPUTS - START HERE'!$A$35:$F$38,MATCH('DAA Media Plan'!$D$15,'INPUTS - START HERE'!$A$35:$A$38,0),MATCH('DAA Media Plan'!$E$15,'INPUTS - START HERE'!$A$35:$F$35,0)) -> 65278.73 | M15: ='INPUTS - START HERE'!$B$12*VLOOKUP('DAA Media Plan'!M3,'INPUTS - START HERE'!$A$20:$B$31,2,0)*INDEX('INPUTS - START HERE'!$A$35:$F$38,MATCH('DAA Media Plan'!$D$15,'INPUTS - START HERE'!$A$35:$A$38,0),MATCH('DAA Media Plan'!$E$15,'INPUTS - START HERE'!$A$35:$F$35,0)) -> 75070.539 | ... Q15: ='INPUTS - START HERE'!$B$12*VLOOKUP('DAA Media Plan'!Q3,'INPUTS - START HERE'!$A$20:$B$31,2,0)*INDEX('INPUTS - START HERE'!$A$35:$F$38,MATCH('DAA Media Plan'!$D$15,'INPUTS - START HERE'!$A$35:$A$38,0),MATCH('DAA Media Plan'!$E$15,'INPUTS - START HERE'!$A$35:$F$35,0)) -> 148921.18 | R15: =SUM(F15:Q15) -> 825000
D16: Consideration | E16: SDV | F16: ='INPUTS - START HERE'!$B$13*VLOOKUP('DAA Media Plan'!F3,'INPUTS - START HERE'!$A$20:$B$31,2,0)*INDEX('INPUTS - START HERE'!$A$35:$F$38,MATCH('DAA Media Plan'!$D$16,'INPUTS - START HERE'!$A$35:$A$38,0),MATCH('DAA Media Plan'!$E$16,'INPUTS - START HERE'!$A$35:$F$35,0)) -> 0 | G16: ='INPUTS - START HERE'!$B$13*VLOOKUP('DAA Media Plan'!G3,'INPUTS - START HERE'!$A$20:$B$31,2,0)*INDEX('INPUTS - START HERE'!$A$35:$F$38,MATCH('DAA Media Plan'!$D$16,'INPUTS - START HERE'!$A$35:$A$38,0),MATCH('DAA Media Plan'!$E$16,'INPUTS - START HERE'!$A$35:$F$35,0)) -> 0 | H16: ='INPUTS - START HERE'!$B$13*VLOOKUP('DAA Media Plan'!H3,'INPUTS - START HERE'!$A$20:$B$31,2,0)*INDEX('INPUTS - START HERE'!$A$35:$F$38,MATCH('DAA Media Plan'!$D$16,'INPUTS - START HERE'!$A$35:$A$38,0),MATCH('DAA Media Plan'!$E$16,'INPUTS - START HERE'!$A$35:$F$35,0)) -> 0 | I16: ='INPUTS - START HERE'!$B$13*VLOOKUP('DAA Media Plan'!I3,'INPUTS - START HERE'!$A$20:$B$31,2,0)*INDEX('INPUTS - START HERE'!$A$35:$F$38,MATCH('DAA Media Plan'!$D$16,'INPUTS - START HERE'!$A$35:$A$38,0),MATCH('DAA Media Plan'!$E$16,'INPUTS - START HERE'!$A$35:$F$35,0)) -> 0 | J16: ='INPUTS - START HERE'!$B$13*VLOOKUP('DAA Media Plan'!J3,'INPUTS - START HERE'!$A$20:$B$31,2,0)*INDEX('INPUTS - START HERE'!$A$35:$F$38,MATCH('DAA Media Plan'!$D$16,'INPUTS - START HERE'!$A$35:$A$38,0),MATCH('DAA Media Plan'!$E$16,'INPUTS - START HERE'!$A$35:$F$35,0)) -> 0 | K16: ='INPUTS - START HERE'!$B$13*VLOOKUP('DAA Media Plan'!K3,'INPUTS - START HERE'!$A$20:$B$31,2,0)*INDEX('INPUTS - START HERE'!$A$35:$F$38,MATCH('DAA Media Plan'!$D$16,'INPUTS - START HERE'!$A$35:$A$38,0),MATCH('DAA Media Plan'!$E$16,'INPUTS - START HERE'!$A$35:$F$35,0)) -> 0 | L16: ='INPUTS - START HERE'!$B$13*VLOOKUP('DAA Media Plan'!L3,'INPUTS - START HERE'!$A$20:$B$31,2,0)*INDEX('INPUTS - START HERE'!$A$35:$F$38,MATCH('DAA Media Plan'!$D$16,'INPUTS - START HERE'!$A$35:$A$38,0),MATCH('DAA Media Plan'!$E$16,'INPUTS - START HERE'!$A$35:$F$35,0)) -> 0 | M16: ='INPUTS - START HERE'!$B$13*VLOOKUP('DAA Media Plan'!M3,'INPUTS - START HERE'!$A$20:$B$31,2,0)*INDEX('INPUTS - START HERE'!$A$35:$F$38,MATCH('DAA Media Plan'!$D$16,'INPUTS - START HERE'!$A$35:$A$38,0),MATCH('DAA Media Plan'!$E$16,'INPUTS - START HERE'!$A$35:$F$35,0)) -> 0 | ... Q16: ='INPUTS - START HERE'!$B$13*VLOOKUP('DAA Media Plan'!Q3,'INPUTS - START HERE'!$A$20:$B$31,2,0)*INDEX('INPUTS - START HERE'!$A$35:$F$38,MATCH('DAA Media Plan'!$D$16,'INPUTS - START HERE'!$A$35:$A$38,0),MATCH('DAA Media Plan'!$E$16,'INPUTS - START HERE'!$A$35:$F$35,0)) -> 0 | R16: =SUM(F16:Q16) -> 0
D17: Conversion | E17: SP | F17: ='INPUTS - START HERE'!$B$6*VLOOKUP('DAA Media Plan'!F3,'INPUTS - START HERE'!$A$20:$B$31,2,FALSE)*INDEX('INPUTS - START HERE'!$A$35:$F$38,MATCH('DAA Media Plan'!$D$17,'INPUTS - START HERE'!$A$35:$A$38,0),MATCH('DAA Media Plan'!$E$17,'INPUTS - START HERE'!$A$35:$F$35,0)) -> 0 | G17: ='INPUTS - START HERE'!$B$6*VLOOKUP('DAA Media Plan'!G3,'INPUTS - START HERE'!$A$20:$B$31,2,FALSE)*INDEX('INPUTS - START HERE'!$A$35:$F$38,MATCH('DAA Media Plan'!$D$17,'INPUTS - START HERE'!$A$35:$A$38,0),MATCH('DAA Media Plan'!$E$17,'INPUTS - START HERE'!$A$35:$F$35,0)) -> 0 | H17: ='INPUTS - START HERE'!$B$6*VLOOKUP('DAA Media Plan'!H3,'INPUTS - START HERE'!$A$20:$B$31,2,FALSE)*INDEX('INPUTS - START HERE'!$A$35:$F$38,MATCH('DAA Media Plan'!$D$17,'INPUTS - START HERE'!$A$35:$A$38,0),MATCH('DAA Media Plan'!$E$17,'INPUTS - START HERE'!$A$35:$F$35,0)) -> 0 | I17: ='INPUTS - START HERE'!$B$6*VLOOKUP('DAA Media Plan'!I3,'INPUTS - START HERE'!$A$20:$B$31,2,FALSE)*INDEX('INPUTS - START HERE'!$A$35:$F$38,MATCH('DAA Media Plan'!$D$17,'INPUTS - START HERE'!$A$35:$A$38,0),MATCH('DAA Media Plan'!$E$17,'INPUTS - START HERE'!$A$35:$F$35,0)) -> 0 | J17: ='INPUTS - START HERE'!$B$6*VLOOKUP('DAA Media Plan'!J3,'INPUTS - START HERE'!$A$20:$B$31,2,FALSE)*INDEX('INPUTS - START HERE'!$A$35:$F$38,MATCH('DAA Media Plan'!$D$17,'INPUTS - START HERE'!$A$35:$A$38,0),MATCH('DAA Media Plan'!$E$17,'INPUTS - START HERE'!$A$35:$F$35,0)) -> 0 | K17: ='INPUTS - START HERE'!$B$6*VLOOKUP('DAA Media Plan'!K3,'INPUTS - START HERE'!$A$20:$B$31,2,FALSE)*INDEX('INPUTS - START HERE'!$A$35:$F$38,MATCH('DAA Media Plan'!$D$17,'INPUTS - START HERE'!$A$35:$A$38,0),MATCH('DAA Media Plan'!$E$17,'INPUTS - START HERE'!$A$35:$F$35,0)) -> 0 | L17: ='INPUTS - START HERE'!$B$6*VLOOKUP('DAA Media Plan'!L3,'INPUTS - START HERE'!$A$20:$B$31,2,FALSE)*INDEX('INPUTS - START HERE'!$A$35:$F$38,MATCH('DAA Media Plan'!$D$17,'INPUTS - START HERE'!$A$35:$A$38,0),MATCH('DAA Media Plan'!$E$17,'INPUTS - START HERE'!$A$35:$F$35,0)) -> 0 | M17: ='INPUTS - START HERE'!$B$6*VLOOKUP('DAA Media Plan'!M3,'INPUTS - START HERE'!$A$20:$B$31,2,FALSE)*INDEX('INPUTS - START HERE'!$A$35:$F$38,MATCH('DAA Media Plan'!$D$17,'INPUTS - START HERE'!$A$35:$A$38,0),MATCH('DAA Media Plan'!$E$17,'INPUTS - START HERE'!$A$35:$F$35,0)) -> 0 | ... Q17: ='INPUTS - START HERE'!$B$6*VLOOKUP('DAA Media Plan'!Q3,'INPUTS - START HERE'!$A$20:$B$31,2,FALSE)*INDEX('INPUTS - START HERE'!$A$35:$F$38,MATCH('DAA Media Plan'!$D$17,'INPUTS - START HERE'!$A$35:$A$38,0),MATCH('DAA Media Plan'!$E$17,'INPUTS - START HERE'!$A$35:$F$35,0)) -> 0 | R17: =SUM(F17:Q17) -> 0
D18: Conversion | E18: SB | F18: =SUM('INPUTS - START HERE'!$B$8:$B$9)*VLOOKUP('DAA Media Plan'!F3,'INPUTS - START HERE'!$A$20:$B$31,2,FALSE)*INDEX('INPUTS - START HERE'!$A$35:$F$38,MATCH('DAA Media Plan'!$D$18,'INPUTS - START HERE'!$A$35:$A$38,0),MATCH('DAA Media Plan'!$E$18,'INPUTS - START HERE'!$A$35:$F$35,0)) -> 0 | G18: =SUM('INPUTS - START HERE'!$B$8:$B$9)*VLOOKUP('DAA Media Plan'!G3,'INPUTS - START HERE'!$A$20:$B$31,2,FALSE)*INDEX('INPUTS - START HERE'!$A$35:$F$38,MATCH('DAA Media Plan'!$D$18,'INPUTS - START HERE'!$A$35:$A$38,0),MATCH('DAA Media Plan'!$E$18,'INPUTS - START HERE'!$A$35:$F$35,0)) -> 0 | H18: =SUM('INPUTS - START HERE'!$B$8:$B$9)*VLOOKUP('DAA Media Plan'!H3,'INPUTS - START HERE'!$A$20:$B$31,2,FALSE)*INDEX('INPUTS - START HERE'!$A$35:$F$38,MATCH('DAA Media Plan'!$D$18,'INPUTS - START HERE'!$A$35:$A$38,0),MATCH('DAA Media Plan'!$E$18,'INPUTS - START HERE'!$A$35:$F$35,0)) -> 0 | I18: =SUM('INPUTS - START HERE'!$B$8:$B$9)*VLOOKUP('DAA Media Plan'!I3,'INPUTS - START HERE'!$A$20:$B$31,2,FALSE)*INDEX('INPUTS - START HERE'!$A$35:$F$38,MATCH('DAA Media Plan'!$D$18,'INPUTS - START HERE'!$A$35:$A$38,0),MATCH('DAA Media Plan'!$E$18,'INPUTS - START HERE'!$A$35:$F$35,0)) -> 0 | J18: =SUM('INPUTS - START HERE'!$B$8:$B$9)*VLOOKUP('DAA Media Plan'!J3,'INPUTS - START HERE'!$A$20:$B$31,2,FALSE)*INDEX('INPUTS - START HERE'!$A$35:$F$38,MATCH('DAA Media Plan'!$D$18,'INPUTS - START HERE'!$A$35:$A$38,0),MATCH('DAA Media Plan'!$E$18,'INPUTS - START HERE'!$A$35:$F$35,0)) -> 0 | K18: =SUM('INPUTS - START HERE'!$B$8:$B$9)*VLOOKUP('DAA Media Plan'!K3,'INPUTS - START HERE'!$A$20:$B$31,2,FALSE)*INDEX('INPUTS - START HERE'!$A$35:$F$38,MATCH('DAA Media Plan'!$D$18,'INPUTS - START HERE'!$A$35:$A$38,0),MATCH('DAA Media Plan'!$E$18,'INPUTS - START HERE'!$A$35:$F$35,0)) -> 0 | L18: =SUM('INPUTS - START HERE'!$B$8:$B$9)*VLOOKUP('DAA Media Plan'!L3,'INPUTS - START HERE'!$A$20:$B$31,2,FALSE)*INDEX('INPUTS - START HERE'!$A$35:$F$38,MATCH('DAA Media Plan'!$D$18,'INPUTS - START HERE'!$A$35:$A$38,0),MATCH('DAA Media Plan'!$E$18,'INPUTS - START HERE'!$A$35:$F$35,0)) -> 0 | M18: =SUM('INPUTS - START HERE'!$B$8:$B$9)*VLOOKUP('DAA Media Plan'!M3,'INPUTS - START HERE'!$A$20:$B$31,2,FALSE)*INDEX('INPUTS - START HERE'!$A$35:$F$38,MATCH('DAA Media Plan'!$D$18,'INPUTS - START HERE'!$A$35:$A$38,0),MATCH('DAA Media Plan'!$E$18,'INPUTS - START HERE'!$A$35:$F$35,0)) -> 0 | ... Q18: =SUM('INPUTS - START HERE'!$B$8:$B$9)*VLOOKUP('DAA Media Plan'!Q3,'INPUTS - START HERE'!$A$20:$B$31,2,FALSE)*INDEX('INPUTS - START HERE'!$A$35:$F$38,MATCH('DAA Media Plan'!$D$18,'INPUTS - START HERE'!$A$35:$A$38,0),MATCH('DAA Media Plan'!$E$18,'INPUTS - START HERE'!$A$35:$F$35,0)) -> 0 | R18: =SUM(F18:Q18) -> 0
D19: Conversion | E19: SD | F19: ='INPUTS - START HERE'!$B$12*VLOOKUP('DAA Media Plan'!F3,'INPUTS - START HERE'!$A$20:$B$31,2,0)*INDEX('INPUTS - START HERE'!$A$35:$F$38,MATCH('DAA Media Plan'!$D$19,'INPUTS - START HERE'!$A$35:$A$38,0),MATCH('DAA Media Plan'!$E$19,'INPUTS - START HERE'!$A$35:$F$35,0)) -> 55825.487 | G19: ='INPUTS - START HERE'!$B$12*VLOOKUP('DAA Media Plan'!G3,'INPUTS - START HERE'!$A$20:$B$31,2,0)*INDEX('INPUTS - START HERE'!$A$35:$F$38,MATCH('DAA Media Plan'!$D$19,'INPUTS - START HERE'!$A$35:$A$38,0),MATCH('DAA Media Plan'!$E$19,'INPUTS - START HERE'!$A$35:$F$35,0)) -> 64199.31 | H19: ='INPUTS - START HERE'!$B$12*VLOOKUP('DAA Media Plan'!H3,'INPUTS - START HERE'!$A$20:$B$31,2,0)*INDEX('INPUTS - START HERE'!$A$35:$F$38,MATCH('DAA Media Plan'!$D$19,'INPUTS - START HERE'!$A$35:$A$38,0),MATCH('DAA Media Plan'!$E$19,'INPUTS - START HERE'!$A$35:$F$35,0)) -> 77039.172 | I19: ='INPUTS - START HERE'!$B$12*VLOOKUP('DAA Media Plan'!I3,'INPUTS - START HERE'!$A$20:$B$31,2,0)*INDEX('INPUTS - START HERE'!$A$35:$F$38,MATCH('DAA Media Plan'!$D$19,'INPUTS - START HERE'!$A$35:$A$38,0),MATCH('DAA Media Plan'!$E$19,'INPUTS - START HERE'!$A$35:$F$35,0)) -> 88595.048 | J19: ='INPUTS - START HERE'!$B$12*VLOOKUP('DAA Media Plan'!J3,'INPUTS - START HERE'!$A$20:$B$31,2,0)*INDEX('INPUTS - START HERE'!$A$35:$F$38,MATCH('DAA Media Plan'!$D$19,'INPUTS - START HERE'!$A$35:$A$38,0),MATCH('DAA Media Plan'!$E$19,'INPUTS - START HERE'!$A$35:$F$35,0)) -> 101884.31 | K19: ='INPUTS - START HERE'!$B$12*VLOOKUP('DAA Media Plan'!K3,'INPUTS - START HERE'!$A$20:$B$31,2,0)*INDEX('INPUTS - START HERE'!$A$35:$F$38,MATCH('DAA Media Plan'!$D$19,'INPUTS - START HERE'!$A$35:$A$38,0),MATCH('DAA Media Plan'!$E$19,'INPUTS - START HERE'!$A$35:$F$35,0)) -> 117166.95 | L19: ='INPUTS - START HERE'!$B$12*VLOOKUP('DAA Media Plan'!L3,'INPUTS - START HERE'!$A$20:$B$31,2,0)*INDEX('INPUTS - START HERE'!$A$35:$F$38,MATCH('DAA Media Plan'!$D$19,'INPUTS - START HERE'!$A$35:$A$38,0),MATCH('DAA Media Plan'!$E$19,'INPUTS - START HERE'!$A$35:$F$35,0)) -> 152317.04 | M19: ='INPUTS - START HERE'!$B$12*VLOOKUP('DAA Media Plan'!M3,'INPUTS - START HERE'!$A$20:$B$31,2,0)*INDEX('INPUTS - START HERE'!$A$35:$F$38,MATCH('DAA Media Plan'!$D$19,'INPUTS - START HERE'!$A$35:$A$38,0),MATCH('DAA Media Plan'!$E$19,'INPUTS - START HERE'!$A$35:$F$35,0)) -> 175164.59 | ... Q19: ='INPUTS - START HERE'!$B$12*VLOOKUP('DAA Media Plan'!Q3,'INPUTS - START HERE'!$A$20:$B$31,2,0)*INDEX('INPUTS - START HERE'!$A$35:$F$38,MATCH('DAA Media Plan'!$D$19,'INPUTS - START HERE'!$A$35:$A$38,0),MATCH('DAA Media Plan'!$E$19,'INPUTS - START HERE'!$A$35:$F$35,0)) -> 347482.76 | R19: =SUM(F19:Q19) -> 1925000
F20: =SUM(F4:F19) -> 1588012.5 | G20: =SUM(G4:G19) -> 1834339.4 | H20: =SUM(H4:H19) -> 2201007.3 | I20: =SUM(I4:I19) -> 2531658.4 | J20: =SUM(J4:J19) -> 2909882.1 | K20: =SUM(K4:K19) -> 3347864.5 | L20: =SUM(L4:L19) -> 4351723.8 | M20: =SUM(M4:M19) -> 5004232.4 | ... R20: =SUM(R4:R19) -> 55000000
F21: =F19+F15 -> 79750.696 | G21: =G19+G15 -> 91713.3 | H21: =H19+H15 -> 110055.96 | I21: =I19+I15 -> 126564.35 | J21: =J19+J15 -> 145549.01 | K21: =K19+K15 -> 167381.36 | L21: =L19+L15 -> 217595.77 | M21: =M19+M15 -> 250235.13 | ... R21: =R19+R15 -> 2750000
B23: Fill out with seasonal or brand level opportunities. | D23: Jan | E23: Feb | F23: Mar | G23: Apr | H23: May | I23: Jun | J23: Jul | K23: Aug | L23: Sep | M23: Oct | N23: Nov | O23: Dec
D24: New Year New You | E24: Valentine's Day | H24: Mother's Day | I24: Father's Day | J24: Prime Day | K24: Back to School | N24: BFCM | O24: Holiday
I27: Prime Day Lead Up

Sheet DAA Program Threshold
A3: Product Pick Values | D3: To Add: Regional DAA Thresholds and % Growth Rates & Benefits Grid
A4: Ad Product | B4: Tactic
A5: SD | B5: SD vCPM
A6: SD | B6: SD Video
A7: SB | B7: STV
A8: SB | B8: SB Store Spotlight
A9: SD | B9: SD Audiences
A10: SB | B10: SB Video
A11: SB | B11: Custom Image
A12: SP | B12: Product
A13: SP | B13: Keyword
A14: SD | B14: Remarketing
A15: DSP-SS | B15: -
... A17: Streaming TV | B17: -

Sheet Pivot Data
B3: Row Labels | C3: Sum of Total
B4: Awareness | C4: 0
B5: Consideration | C5: 620815.5
B6: Conversion | C6: 38769.5
B7: Grand Total | C7: 659585
B11: Row Labels | C11: Sum of Total
B12: DSP-SS | C12: 0
B13: SB | C13: 50350
B14: SBV | C14: 50350
B15: SD | C15: 55385
B16: SDV | C16: 0
B17: SP | C17: 503500
B18: STV | C18: 0
B19: Prime Video | C19: 0
B20: ST | C20: 0
B21: Grand Total | C21: 659585
